[{"model": "windows_scheduler.schedulechoices", "pk": 1, "fields": {"choice": "One Time"}}, {"model": "windows_scheduler.schedulechoices", "pk": 2, "fields": {"choice": "Daily"}}, {"model": "windows_scheduler.schedulechoices", "pk": 3, "fields": {"choice": "Weekly"}}, {"model": "windows_scheduler.schedulechoices", "pk": 4, "fields": {"choice": "Monthly"}}, {"model": "windows_scheduler.scheduledays", "pk": 1, "fields": {"day": "MON"}}, {"model": "windows_scheduler.scheduledays", "pk": 2, "fields": {"day": "TUE"}}, {"model": "windows_scheduler.scheduledays", "pk": 3, "fields": {"day": "WED"}}, {"model": "windows_scheduler.scheduledays", "pk": 4, "fields": {"day": "THU"}}, {"model": "windows_scheduler.scheduledays", "pk": 5, "fields": {"day": "FRI"}}, {"model": "windows_scheduler.scheduledays", "pk": 6, "fields": {"day": "SAT"}}, {"model": "windows_scheduler.scheduledays", "pk": 7, "fields": {"day": "SUN"}}, {"model": "windows_scheduler.schedulemonths", "pk": 1, "fields": {"month": "JAN"}}, {"model": "windows_scheduler.schedulemonths", "pk": 2, "fields": {"month": "FEB"}}, {"model": "windows_scheduler.schedulemonths", "pk": 3, "fields": {"month": "MAR"}}, {"model": "windows_scheduler.schedulemonths", "pk": 4, "fields": {"month": "APR"}}, {"model": "windows_scheduler.schedulemonths", "pk": 5, "fields": {"month": "MAY"}}, {"model": "windows_scheduler.schedulemonths", "pk": 6, "fields": {"month": "JUN"}}, {"model": "windows_scheduler.schedulemonths", "pk": 7, "fields": {"month": "JUL"}}, {"model": "windows_scheduler.schedulemonths", "pk": 8, "fields": {"month": "AUG"}}, {"model": "windows_scheduler.schedulemonths", "pk": 9, "fields": {"month": "SEP"}}, {"model": "windows_scheduler.schedulemonths", "pk": 10, "fields": {"month": "OCT"}}, {"model": "windows_scheduler.schedulemonths", "pk": 11, "fields": {"month": "NOV"}}, {"model": "windows_scheduler.schedulemonths", "pk": 12, "fields": {"month": "DEC"}}, {"model": "windows_scheduler.schedulemonthsoption", "pk": 1, "fields": {"option": "Days"}}, {"model": "windows_scheduler.schedulemonthsoption", "pk": 2, "fields": {"option": "On"}}, {"model": "windows_scheduler.schedulemonthsdays", "pk": 1, "fields": {"day": "1"}}, {"model": "windows_scheduler.schedulemonthsdays", "pk": 2, "fields": {"day": "2"}}, {"model": "windows_scheduler.schedulemonthsdays", "pk": 3, "fields": {"day": "3"}}, {"model": "windows_scheduler.schedulemonthsdays", "pk": 4, "fields": {"day": "4"}}, {"model": "windows_scheduler.schedulemonthsdays", "pk": 5, "fields": {"day": "5"}}, {"model": "windows_scheduler.schedulemonthsdays", "pk": 6, "fields": {"day": "6"}}, {"model": "windows_scheduler.schedulemonthsdays", "pk": 7, "fields": {"day": "7"}}, {"model": "windows_scheduler.schedulemonthsdays", "pk": 8, "fields": {"day": "8"}}, {"model": "windows_scheduler.schedulemonthsdays", "pk": 9, "fields": {"day": "9"}}, {"model": "windows_scheduler.schedulemonthsdays", "pk": 10, "fields": {"day": "10"}}, {"model": "windows_scheduler.schedulemonthsdays", "pk": 11, "fields": {"day": "11"}}, {"model": "windows_scheduler.schedulemonthsdays", "pk": 12, "fields": {"day": "12"}}, {"model": "windows_scheduler.schedulemonthsdays", "pk": 13, "fields": {"day": "13"}}, {"model": "windows_scheduler.schedulemonthsdays", "pk": 14, "fields": {"day": "14"}}, {"model": "windows_scheduler.schedulemonthsdays", "pk": 15, "fields": {"day": "15"}}, {"model": "windows_scheduler.schedulemonthsdays", "pk": 16, "fields": {"day": "16"}}, {"model": "windows_scheduler.schedulemonthsdays", "pk": 17, "fields": {"day": "17"}}, {"model": "windows_scheduler.schedulemonthsdays", "pk": 18, "fields": {"day": "18"}}, {"model": "windows_scheduler.schedulemonthsdays", "pk": 19, "fields": {"day": "19"}}, {"model": "windows_scheduler.schedulemonthsdays", "pk": 20, "fields": {"day": "20"}}, {"model": "windows_scheduler.schedulemonthsdays", "pk": 21, "fields": {"day": "21"}}, {"model": "windows_scheduler.schedulemonthsdays", "pk": 22, "fields": {"day": "22"}}, {"model": "windows_scheduler.schedulemonthsdays", "pk": 23, "fields": {"day": "23"}}, {"model": "windows_scheduler.schedulemonthsdays", "pk": 24, "fields": {"day": "24"}}, {"model": "windows_scheduler.schedulemonthsdays", "pk": 25, "fields": {"day": "25"}}, {"model": "windows_scheduler.schedulemonthsdays", "pk": 26, "fields": {"day": "26"}}, {"model": "windows_scheduler.schedulemonthsdays", "pk": 27, "fields": {"day": "27"}}, {"model": "windows_scheduler.schedulemonthsdays", "pk": 28, "fields": {"day": "28"}}, {"model": "windows_scheduler.schedulemonthsdays", "pk": 29, "fields": {"day": "29"}}, {"model": "windows_scheduler.schedulemonthsdays", "pk": 30, "fields": {"day": "30"}}, {"model": "windows_scheduler.schedulemonthsdays", "pk": 31, "fields": {"day": "31"}}, {"model": "windows_scheduler.schedulemonthsdays", "pk": 32, "fields": {"day": "LastDay"}}, {"model": "windows_scheduler.schedulemonthson", "pk": 1, "fields": {"on": "First"}}, {"model": "windows_scheduler.schedulemonthson", "pk": 2, "fields": {"on": "Second"}}, {"model": "windows_scheduler.schedulemonthson", "pk": 3, "fields": {"on": "Third"}}, {"model": "windows_scheduler.schedulemonthson", "pk": 4, "fields": {"on": "Fourth"}}, {"model": "windows_scheduler.schedulemonthson", "pk": 5, "fields": {"on": "Last"}}]
